{
    "rmse": 0.7085197785179188,
    "mae": 0.5722911641369517,
    "r2": 0.17943643242845697
}